{"listdata":[{"color":{"r":1,"g":0.0661764741,"b":0.0661764741,"a":0},"hitpoint":15},{"color":{"r":0.06861042,"g":0,"b":0.9044118,"a":0},"hitpoint":20}],"total":10,"gameseconds":60}